
-- Auto-generated seed (INSERT-only).
SET NOCOUNT ON;
IF NOT EXISTS (SELECT 1 FROM dbo.WorkflowState WHERE ID=1) INSERT INTO dbo.WorkflowState (ID, Name, Description) VALUES (1, 'Started', 'Process or action has been started.');
IF NOT EXISTS (SELECT 1 FROM dbo.WorkflowState WHERE ID=2) INSERT INTO dbo.WorkflowState (ID, Name, Description) VALUES (2, 'Skipped', 'Skipped because end result exists or process unnecessary.');
IF NOT EXISTS (SELECT 1 FROM dbo.WorkflowState WHERE ID=3) INSERT INTO dbo.WorkflowState (ID, Name, Description) VALUES (3, 'Pending', 'Started and awaiting action.');
IF NOT EXISTS (SELECT 1 FROM dbo.WorkflowState WHERE ID=4) INSERT INTO dbo.WorkflowState (ID, Name, Description) VALUES (4, 'Expired', 'Started and acted upon, then expired before further action.');
IF NOT EXISTS (SELECT 1 FROM dbo.WorkflowState WHERE ID=5) INSERT INTO dbo.WorkflowState (ID, Name, Description) VALUES (5, 'Rejected', 'Started and acted upon, but rejected.');
IF NOT EXISTS (SELECT 1 FROM dbo.WorkflowState WHERE ID=6) INSERT INTO dbo.WorkflowState (ID, Name, Description) VALUES (6, 'Failed', 'Failed to complete.');
IF NOT EXISTS (SELECT 1 FROM dbo.WorkflowState WHERE ID=7) INSERT INTO dbo.WorkflowState (ID, Name, Description) VALUES (7, 'Approved', 'Started, acted upon, then approved.');
IF NOT EXISTS (SELECT 1 FROM dbo.WorkflowState WHERE ID=8) INSERT INTO dbo.WorkflowState (ID, Name, Description) VALUES (8, 'Completed', 'Started, acted upon, and completed.');
IF NOT EXISTS (SELECT 1 FROM dbo.WorkflowState WHERE ID=9) INSERT INTO dbo.WorkflowState (ID, Name, Description) VALUES (9, 'Sent', 'Sent, awaiting receipt.');
IF NOT EXISTS (SELECT 1 FROM dbo.WorkflowState WHERE ID=10) INSERT INTO dbo.WorkflowState (ID, Name, Description) VALUES (10, 'Received', 'Received after being sent.');
IF NOT EXISTS (SELECT 1 FROM dbo.WorkflowState WHERE ID=11) INSERT INTO dbo.WorkflowState (ID, Name, Description) VALUES (11, 'Under Review', 'Awaiting action after leaving pending state.');
IF NOT EXISTS (SELECT 1 FROM dbo.WorkflowState WHERE ID=12) INSERT INTO dbo.WorkflowState (ID, Name, Description) VALUES (12, 'Soft Delete', 'Marked for deletion, kept for history.');
IF NOT EXISTS (SELECT 1 FROM dbo.WorkflowState WHERE ID=13) INSERT INTO dbo.WorkflowState (ID, Name, Description) VALUES (13, 'Hard Delete', 'Marked for permanent deletion.');
IF NOT EXISTS (SELECT 1 FROM dbo.WorkflowState WHERE ID=14) INSERT INTO dbo.WorkflowState (ID, Name, Description) VALUES (14, 'Unknown', 'Initiated but no outcome.');
IF NOT EXISTS (SELECT 1 FROM dbo.WorkflowState WHERE ID=15) INSERT INTO dbo.WorkflowState (ID, Name, Description) VALUES (15, 'Null or Empty', 'Null, empty, or non-existent result.');
IF NOT EXISTS (SELECT 1 FROM dbo.WorkflowState WHERE ID=16) INSERT INTO dbo.WorkflowState (ID, Name, Description) VALUES (16, 'Active', 'Active result.');
IF NOT EXISTS (SELECT 1 FROM dbo.WorkflowState WHERE ID=17) INSERT INTO dbo.WorkflowState (ID, Name, Description) VALUES (17, 'Research', 'Lumina is researching the action item.');
INSERT INTO dbo.Model (ID, Name) VALUES ('5cb1c603-f88e-4802-ae2f-6ffa29142dc4', 'VisionModel v1');
INSERT INTO dbo.Lifecycle (ID, Name) VALUES ('3a4f9a77-3a4c-466f-b03d-0b93df5f17ed', 'Standard Lifecycle');
INSERT INTO dbo.LifecyclePhase (ID, LifecycleID, Name, PhaseOrder) VALUES ('6b9d7cbe-1d2e-4a34-acab-4da793e9f1a1', '3a4f9a77-3a4c-466f-b03d-0b93df5f17ed', 'Phase 1 - Inception', 1);
INSERT INTO dbo.LifecyclePhase (ID, LifecycleID, Name, PhaseOrder) VALUES ('c3bd46b1-8c3f-4f11-9ab5-1324b62b1d9f', '3a4f9a77-3a4c-466f-b03d-0b93df5f17ed', 'Phase 2 - Training', 2);
INSERT INTO dbo.Workflow (ID, PhaseID, Name) VALUES ('0b5c2a1d-5e64-4b7e-b2ae-0d12a65b94fb', '6b9d7cbe-1d2e-4a34-acab-4da793e9f1a1', 'WF: Inception');
INSERT INTO dbo.Workflow (ID, PhaseID, Name) VALUES ('f9a5c3b1-4c5e-4a6f-9a97-9f0f11dc1a2e', 'c3bd46b1-8c3f-4f11-9ab5-1324b62b1d9f', 'WF: Training');
INSERT INTO dbo.WorkflowStep (ID, WorkflowID, Name, StepOrder) VALUES ('4d7f865e-8f8d-4fc7-a1bf-988c5550a1e0', '0b5c2a1d-5e64-4b7e-b2ae-0d12a65b94fb', 'Collect Inputs', 1);
INSERT INTO dbo.WorkflowStep (ID, WorkflowID, Name, StepOrder) VALUES ('e5c01c9f-4d7e-4caa-bbd5-71c69a9bc63b', 'f9a5c3b1-4c5e-4a6f-9a97-9f0f11dc1a2e', 'Evaluate Model', 1);
INSERT INTO dbo.WorkflowStep (ID, WorkflowID, Name, StepOrder) VALUES ('2f4b1de2-7c9a-4a9e-9b8a-1345b7a8e909', '0b5c2a1d-5e64-4b7e-b2ae-0d12a65b94fb', 'Train Model', 2);
INSERT INTO dbo.PhaseGate (ID, Name) VALUES ('a010f2b2-3452-41b9-ad4f-240e2b71c0c7', 'Gate: After Training Step');
INSERT INTO dbo.PhaseGate (ID, Name) VALUES ('0f3a6ec3-74c1-4c32-ae3f-1a2f0a4a31e8', 'Gate: Phase 1 Exit');
INSERT INTO dbo.ModelWorkflowState (ModelID, StateID) VALUES ('5cb1c603-f88e-4802-ae2f-6ffa29142dc4', 1);
INSERT INTO dbo.ModelWorkflowState (ModelID, StateID) VALUES ('5cb1c603-f88e-4802-ae2f-6ffa29142dc4', 3);
INSERT INTO dbo.ModelLifecycle (ModelID, LifecycleID) VALUES ('5cb1c603-f88e-4802-ae2f-6ffa29142dc4', '3a4f9a77-3a4c-466f-b03d-0b93df5f17ed');
INSERT INTO dbo.LifecyclePhaseGate (PhaseID, GateID) VALUES ('6b9d7cbe-1d2e-4a34-acab-4da793e9f1a1', '0f3a6ec3-74c1-4c32-ae3f-1a2f0a4a31e8');
INSERT INTO dbo.WorkflowStepGate (StepID, GateID, Placement) VALUES ('2f4b1de2-7c9a-4a9e-9b8a-1345b7a8e909', 'a010f2b2-3452-41b9-ad4f-240e2b71c0c7', 'AfterStepComplete');
INSERT INTO dbo.GateTransition (ID, GateID, Name, Mode, RelativeKind, Priority, IsDefault, ConditionExpr, TargetPhaseID, TargetStepID) VALUES ('4492aa32-3d94-5e1e-818d-e3240ae36a5b', '0f3a6ec3-74c1-4c32-ae3f-1a2f0a4a31e8', 'Next', 'Relative', 'Next', 100, 1, NULL, NULL, NULL);
INSERT INTO dbo.GateTransition (ID, GateID, Name, Mode, RelativeKind, Priority, IsDefault, ConditionExpr, TargetPhaseID, TargetStepID) VALUES ('eac873ea-bc29-5787-8c1c-27180cdebd18', '0f3a6ec3-74c1-4c32-ae3f-1a2f0a4a31e8', 'Pass to Phase 2', 'Absolute', NULL, 10, 0, NULL, 'c3bd46b1-8c3f-4f11-9ab5-1324b62b1d9f', NULL);
INSERT INTO dbo.GateTransition (ID, GateID, Name, Mode, RelativeKind, Priority, IsDefault, ConditionExpr, TargetPhaseID, TargetStepID) VALUES ('2b72d082-2451-540a-84a6-a55c55091f74', 'a010f2b2-3452-41b9-ad4f-240e2b71c0c7', 'Proceed to Evaluate', 'Absolute', NULL, 10, 1, NULL, NULL, 'e5c01c9f-4d7e-4caa-bbd5-71c69a9bc63b');
INSERT INTO dbo.GateTransition (ID, GateID, Name, Mode, RelativeKind, Priority, IsDefault, ConditionExpr, TargetPhaseID, TargetStepID) VALUES ('6754bcd5-3938-53fd-a5ae-d56ec13c1bb7', 'a010f2b2-3452-41b9-ad4f-240e2b71c0c7', 'Rework Previous', 'Relative', 'Previous', 200, 0, NULL, NULL, NULL);